{"_runtime":67.496805678,"_step":5,"_wandb":{"runtime":67},"loss":0.001465072389692068,"lr":1e-05,"_timestamp":1.7416756518247771e+09}