{"_step":1,"loss":0.009019182994961739,"_wandb":{"runtime":20},"lr":1e-05,"_timestamp":1.7418538904520917e+09,"_runtime":20.920659588}