{"lr":1e-05,"_timestamp":1.7416780094145231e+09,"_runtime":4.963836535,"_step":0,"loss":0.0013456728775054216,"_wandb":{"runtime":4}}