{"loss":0.0016112488228827715,"_wandb":{"runtime":5},"lr":1e-05,"_timestamp":1.741676550508602e+09,"_runtime":5.220042641,"_step":0}