{"lr": 0.009999699996999964, "data_time": 0.04710607528686524, "loss": 6.6386748313903805, "decode.loss_context": 4.798417377471924, "decode.loss_spatial": 1.840257501602173, "decode.acc_seg": 3.5467958450317383, "time": 8.09369354248047, "iter": 5, "memory": 8402, "step": 5}
{"lr": 0.009999324991843587, "data_time": 0.041588544845581055, "loss": 6.668764638900757, "decode.loss_context": 4.840227031707764, "decode.loss_spatial": 1.8285375833511353, "decode.acc_seg": 2.9539217948913574, "time": 8.077465534210205, "iter": 10, "memory": 8394, "step": 10}
{"lr": 0.009998949985124557, "data_time": 0.04092404842376709, "loss": 6.609556818008423, "decode.loss_context": 4.820744419097901, "decode.loss_spatial": 1.7888123393058777, "decode.acc_seg": 4.825611114501953, "time": 8.237770056724548, "iter": 15, "memory": 8401, "step": 15}
{"lr": 0.0099985749768428, "data_time": 0.04645414352416992, "loss": 6.577219724655151, "decode.loss_context": 4.777202844619751, "decode.loss_spatial": 1.8000168919563293, "decode.acc_seg": 4.723565578460693, "time": 8.370921111106872, "iter": 20, "memory": 8399, "step": 20}
{"lr": 0.009998199966998245, "data_time": 0.04318337440490723, "loss": 6.664635467529297, "decode.loss_context": 4.860387563705444, "decode.loss_spatial": 1.8042479276657104, "decode.acc_seg": 2.96394944190979, "time": 8.341890954971314, "iter": 25, "memory": 8395, "step": 25}
{"lr": 0.009997824955590819, "data_time": 0.04009227752685547, "loss": 6.686338710784912, "decode.loss_context": 4.90987229347229, "decode.loss_spatial": 1.7764664053916932, "decode.acc_seg": 4.8373918533325195, "time": 8.411929440498351, "iter": 30, "memory": 8402, "step": 30}
{"lr": 0.009997449942620454, "data_time": 0.038550806045532224, "loss": 6.771055126190186, "decode.loss_context": 4.945350313186646, "decode.loss_spatial": 1.8257047891616822, "decode.acc_seg": 1.8675633668899536, "time": 8.370258378982545, "iter": 35, "memory": 8400, "step": 35}
{"lr": 0.009997074928087076, "data_time": 0.039031171798706056, "loss": 6.785442924499511, "decode.loss_context": 4.954155826568604, "decode.loss_spatial": 1.831287109851837, "decode.acc_seg": 4.163878917694092, "time": 8.413446235656739, "iter": 40, "memory": 8405, "step": 40}
{"lr": 0.009996699911990613, "data_time": 0.037001752853393556, "loss": 6.585907077789306, "decode.loss_context": 4.792056703567505, "decode.loss_spatial": 1.7938503623008728, "decode.acc_seg": 5.146903038024902, "time": 8.440821981430053, "iter": 45, "memory": 8394, "step": 45}
{"lr": 0.009996324894330994, "data_time": 0.036792659759521486, "loss": 6.547293567657471, "decode.loss_context": 4.746064853668213, "decode.loss_spatial": 1.8012287259101867, "decode.acc_seg": 3.9584646224975586, "time": 8.384470987319947, "iter": 50, "memory": 8395, "step": 50}
{"lr": 0.009995949875108146, "data_time": 0.04345626831054687, "loss": 6.639058828353882, "decode.loss_context": 4.840364265441894, "decode.loss_spatial": 1.7986945867538453, "decode.acc_seg": 4.142678260803223, "time": 8.456150722503661, "iter": 55, "memory": 8401, "step": 55}
{"lr": 0.009995574854321999, "data_time": 0.040499305725097655, "loss": 6.6412428855896, "decode.loss_context": 4.850353622436524, "decode.loss_spatial": 1.7908892273902892, "decode.acc_seg": 3.605886220932007, "time": 8.380074000358581, "iter": 60, "memory": 8395, "step": 60}
