{"_step":0,"_wandb":{"runtime":5},"loss":0.003391391597688198,"lr":1e-05,"_timestamp":1.7416779204734144e+09,"_runtime":5.021296774}