{"base_lr": 9.999599994666583e-05, "lr": 9.99959999466658e-06, "data_time": 0.01181488037109375, "grad_norm": 147.8158218383789, "loss": 104.80291900634765, "decode.loss_cls": 4.67531418800354, "decode.loss_mask": 1.8978928804397583, "decode.loss_dice": 4.173955774307251, "decode.d0.loss_cls": 5.6834132194519045, "decode.d0.loss_mask": 1.4217295408248902, "decode.d0.loss_dice": 3.8133265495300295, "decode.d1.loss_cls": 4.385513162612915, "decode.d1.loss_mask": 1.5599839448928834, "decode.d1.loss_dice": 3.970570421218872, "decode.d2.loss_cls": 4.490423202514648, "decode.d2.loss_mask": 1.695426917076111, "decode.d2.loss_dice": 3.9919333934783934, "decode.d3.loss_cls": 4.499601554870606, "decode.d3.loss_mask": 1.838140106201172, "decode.d3.loss_dice": 4.006938028335571, "decode.d4.loss_cls": 4.445991039276123, "decode.d4.loss_mask": 1.8613144159317017, "decode.d4.loss_dice": 4.095238399505615, "decode.d5.loss_cls": 4.64620418548584, "decode.d5.loss_mask": 1.9139872074127198, "decode.d5.loss_dice": 4.065117979049683, "decode.d6.loss_cls": 4.4897545337677, "decode.d6.loss_mask": 1.808444905281067, "decode.d6.loss_dice": 4.136605834960937, "decode.d7.loss_cls": 4.558477973937988, "decode.d7.loss_mask": 1.8806676864624023, "decode.d7.loss_dice": 4.121805334091187, "decode.d8.loss_cls": 4.498537874221801, "decode.d8.loss_mask": 2.0770556688308717, "decode.d8.loss_dice": 4.09955792427063, "time": 18.921597290039063, "iter": 5, "memory": 7425, "step": 5}
{"base_lr": 9.999099985499625e-05, "lr": 9.999099985499621e-06, "data_time": 0.015043926239013673, "grad_norm": 99.24562454223633, "loss": 111.04769439697266, "decode.loss_cls": 4.577121472358703, "decode.loss_mask": 1.899722981452942, "decode.loss_dice": 4.930073857307434, "decode.d0.loss_cls": 5.510788202285767, "decode.d0.loss_mask": 1.3829925298690795, "decode.d0.loss_dice": 4.63528528213501, "decode.d1.loss_cls": 4.127994275093078, "decode.d1.loss_mask": 1.481353771686554, "decode.d1.loss_dice": 4.705442023277283, "decode.d2.loss_cls": 4.330673027038574, "decode.d2.loss_mask": 1.5681430339813232, "decode.d2.loss_dice": 4.732736039161682, "decode.d3.loss_cls": 4.385458540916443, "decode.d3.loss_mask": 1.7315200805664062, "decode.d3.loss_dice": 4.813087296485901, "decode.d4.loss_cls": 4.414884805679321, "decode.d4.loss_mask": 1.7989409804344176, "decode.d4.loss_dice": 4.879107809066772, "decode.d5.loss_cls": 4.5589570045471195, "decode.d5.loss_mask": 1.8439476370811463, "decode.d5.loss_dice": 4.873987364768982, "decode.d6.loss_cls": 4.451322054862976, "decode.d6.loss_mask": 1.8514053344726562, "decode.d6.loss_dice": 4.900172758102417, "decode.d7.loss_cls": 4.504885149002075, "decode.d7.loss_mask": 1.8734620094299317, "decode.d7.loss_dice": 4.9211948156356815, "decode.d8.loss_cls": 4.48539879322052, "decode.d8.loss_mask": 1.9635460138320924, "decode.d8.loss_dice": 4.914093613624573, "time": 20.059401679039002, "iter": 10, "memory": 7475, "step": 10}
{"base_lr": 9.998599973554519e-05, "lr": 9.998599973554516e-06, "data_time": 0.021096158027648925, "grad_norm": 43.82257423400879, "loss": 108.47802963256837, "decode.loss_cls": 4.262121629714966, "decode.loss_mask": 1.817880642414093, "decode.loss_dice": 5.0702742576599125, "decode.d0.loss_cls": 5.4758216381073, "decode.d0.loss_mask": 1.4416627049446107, "decode.d0.loss_dice": 4.800809693336487, "decode.d1.loss_cls": 3.666051173210144, "decode.d1.loss_mask": 1.459854745864868, "decode.d1.loss_dice": 4.773146271705627, "decode.d2.loss_cls": 3.893518829345703, "decode.d2.loss_mask": 1.4793457984924316, "decode.d2.loss_dice": 4.807455730438233, "decode.d3.loss_cls": 4.039774918556214, "decode.d3.loss_mask": 1.596653687953949, "decode.d3.loss_dice": 4.885273265838623, "decode.d4.loss_cls": 4.1551340341567995, "decode.d4.loss_mask": 1.6264533996582031, "decode.d4.loss_dice": 4.975180268287659, "decode.d5.loss_cls": 4.232706880569458, "decode.d5.loss_mask": 1.706838059425354, "decode.d5.loss_dice": 5.005322551727295, "decode.d6.loss_cls": 4.218646621704101, "decode.d6.loss_mask": 1.7941102981567383, "decode.d6.loss_dice": 5.039189791679382, "decode.d7.loss_cls": 4.247984290122986, "decode.d7.loss_mask": 1.7887859344482422, "decode.d7.loss_dice": 5.077153873443604, "decode.d8.loss_cls": 4.271277928352356, "decode.d8.loss_mask": 1.7933289289474488, "decode.d8.loss_dice": 5.0762755393981935, "time": 21.522533965110778, "iter": 15, "memory": 7405, "step": 15}
