{"_wandb":{"runtime":17723},"_runtime":17723.825121981,"_step":1345,"loss":0.001031743362545967,"lr":1e-05,"_timestamp":1.7418716871537466e+09}