{"_step":0,"_wandb":{"runtime":4},"loss":0.029012512415647507,"lr":1e-05,"_timestamp":1.7416778720711687e+09,"_runtime":4.998892743}