{"lr": 0.0010360360360360359, "data_time": 0.12171354293823242, "loss": 9.47982177734375, "decode.loss_ce": 2.693172550201416, "decode.acc_seg": 20.62949562072754, "aux_0.loss_ce": 2.932134914398193, "aux_0.acc_seg": 8.149504661560059, "aux_1.loss_ce": 2.6907201766967774, "aux_1.acc_seg": 15.560052871704102, "aux_2.loss_ce": 0.7897121906280518, "aux_2.loss_dice": 0.37408196926116943, "aux_2.acc_seg": 25.785079956054688, "time": 13.34432020187378, "iter": 5, "memory": 4613, "step": 5}
{"lr": 0.0010810810810810807, "data_time": 0.09027745723724365, "loss": 9.505156993865967, "decode.loss_ce": 2.7044336557388307, "decode.acc_seg": 27.48176383972168, "aux_0.loss_ce": 2.9496452808380127, "aux_0.acc_seg": 5.836586952209473, "aux_1.loss_ce": 2.7220396280288695, "aux_1.acc_seg": 14.015798568725586, "aux_2.loss_ce": 0.7680663406848908, "aux_2.loss_dice": 0.3609721392393112, "aux_2.acc_seg": 38.750343322753906, "time": 13.419691824913025, "iter": 10, "memory": 4615, "step": 10}
