{"_runtime":5.281098342,"_step":0,"loss":0.005986469332128763,"lr":1e-05,"_timestamp":1.741678287119318e+09,"_wandb":{"runtime":5}}