{"pitch": [-2.9170793047299752, 11.391254536985779, 207.63098600266088, 46.775590250989865], "energy": [-1.431058645248413, 8.18427848815918, 37.32636561573993, 26.044286332873313]}